{
  "method": "v2: photogrammetry mesh (29 photos) + axisymmetric circular disks [calibrated to height AND widest circumference]",
  "V_interior_cm3": 1914.605089016661,
  "V_L": 1.914605089016661,
  "V_outer_disk_cm3": 2442.069316755772,
  "V_outer_disk_L": 2.442069316755772,
  "V_outer_divergence_cm3": 1336.508266076288,
  "V_outer_divergence_L": 1.336508266076288,
  "scale_cm_per_unit": 30.125858605966698,
  "calibration_residuals_cm": {
    "H_resid_cm": 0.8101663024081809,
    "Rmax_resid_cm": -1.9636553300896322
  },
  "asymmetry_max_rel": 1.5654531307771158,
  "max_a_cm": 9.578903258533026,
  "max_b_cm": 7.411574880807611,
  "max_r_cm": 7.760711692825173,
  "inputs": {
    "H_cm": 18.0,
    "Cmax_cm": 61.1,
    "Rmax_cm": 9.724367022914805,
    "t_wall_cm": 0.79,
    "t_base_cm": 0.79
  },
  "N_slice": 400,
  "N_integ": 10000,
  "sample_heights_cm": [
    0.79,
    1.7461111111111112,
    2.7022222222222223,
    3.658333333333333,
    4.614444444444445,
    5.570555555555556,
    6.526666666666666,
    7.482777777777778,
    8.43888888888889,
    9.395,
    10.351111111111113,
    11.307222222222222,
    12.263333333333332,
    13.219444444444445,
    14.175555555555555,
    15.131666666666668,
    16.087777777777777,
    17.043888888888887,
    18.0
  ],
  "sample_r_outer_cm": [
    2.7264346624815317,
    3.0511013339064883,
    4.081998924527009,
    5.920866759521577,
    6.247554120354211,
    6.742001810805076,
    7.107438167585235,
    7.347838106755064,
    7.530421256520708,
    7.541167920157986,
    7.656948130787044,
    7.561895416198978,
    7.492746983814196,
    7.209650763818675,
    7.446583433108153,
    6.988517645775745,
    6.82528535654993,
    6.734819564183455,
    6.820032903123842
  ],
  "sample_a_outer_cm": [
    4.567206296915677,
    5.618320645056123,
    7.05165040273303,
    7.740243808831854,
    8.517108878224315,
    8.825823586790252,
    9.318279432910735,
    9.517516440435228,
    9.562153786973807,
    9.572610611639442,
    9.427839452699097,
    9.147896149833285,
    8.75839385227052,
    8.203394800219167,
    7.668749856319737,
    7.091379147532029,
    6.775040235949407,
    6.82429821461745,
    6.7812732318131665
  ],
  "sample_b_outer_cm": [
    1.6275713131421536,
    1.656939846955453,
    2.3629525385123515,
    4.529145861751835,
    4.582767822980033,
    5.150180994968401,
    5.424656589198889,
    5.6735763882636165,
    5.930384171563405,
    5.940831175377132,
    6.218713443629574,
    6.250864930650503,
    6.40999479562255,
    6.336415852558453,
    7.230853406690058,
    6.887148177232147,
    6.875905783900573,
    6.646516467240508,
    6.859019770174666
  ]
}