{
  "mesh_full_height_units": 0.8671716798023199,
  "desk_z_units": 0.5116312910833687,
  "bowl_extent_units": 0.3555403887189512,
  "scale_cm_per_unit": 19.688339840156342,
  "H_cm": 7.0,
  "n_slices": 80,
  "heights_cm": [
    0.0,
    0.08860759493670795,
    0.17721518987341808,
    0.265822784810126,
    0.35443037974683617,
    0.4430379746835441,
    0.531645569620252,
    0.6202531645569621,
    0.7088607594936701,
    0.7974683544303802,
    0.8860759493670882,
    0.9746835443037983,
    1.0632911392405062,
    1.1518987341772142,
    1.2405063291139242,
    1.3291139240506322,
    1.4177215189873424,
    1.5063291139240504,
    1.5949367088607604,
    1.6835443037974684,
    1.7721518987341764,
    1.8607594936708864,
    1.9493670886075944,
    2.0379746835443022,
    2.1265822784810124,
    2.2151898734177204,
    2.3037974683544307,
    2.3924050632911387,
    2.4810126582278484,
    2.5696202531645564,
    2.6582278481012644,
    2.7468354430379747,
    2.8354430379746827,
    2.924050632911393,
    3.012658227848101,
    3.1012658227848107,
    3.1898734177215187,
    3.2784810126582267,
    3.367088607594937,
    3.455696202531645,
    3.544303797468353,
    3.6329113924050627,
    3.721518987341773,
    3.810126582278481,
    3.898734177215189,
    3.987341772151899,
    4.075949367088607,
    4.164556962025315,
    4.253164556962025,
    4.341772151898733,
    4.430379746835443,
    4.518987341772151,
    4.607594936708861,
    4.696202531645569,
    4.784810126582277,
    4.8734177215189876,
    4.962025316455695,
    5.050632911392403,
    5.139240506329113,
    5.227848101265823,
    5.3164556962025316,
    5.405063291139239,
    5.493670886075949,
    5.582278481012657,
    5.670886075949365,
    5.7594936708860756,
    5.848101265822786,
    5.936708860759492,
    6.025316455696202,
    6.113924050632911,
    6.20253164556962,
    6.291139240506327,
    6.379746835443037,
    6.468354430379746,
    6.556962025316453,
    6.645569620253164,
    6.734177215189874,
    6.822784810126581,
    6.91139240506329,
    7.0
  ],
  "r_outer_cm_raw": [
    12.630556309454343,
    9.453591649912157,
    9.40439501696977,
    9.334895472659117,
    6.2474680373256914,
    6.101759546409485,
    6.101759546409485,
    6.07351071640683,
    5.969469239900371,
    5.969469239900371,
    5.969469239900371,
    5.969469239900371,
    5.81426950239989,
    5.731793137040509,
    5.740046095334707,
    5.740046095334707,
    5.669621435311644,
    5.669621435311644,
    5.673132752280436,
    5.853010209326686,
    5.853010209326686,
    5.853848893227197,
    5.863592160405594,
    6.003692358809143,
    6.093559096917643,
    6.093559096917643,
    6.288551036510762,
    6.309972442465348,
    6.342164945379687,
    6.380716683620697,
    6.411712037031056,
    6.496034341757168,
    6.496034341757168,
    6.521828823315351,
    6.582029564719499,
    6.599726625868222,
    6.599726625868222,
    6.638910162934702,
    6.6196780019286425,
    6.716988999772404,
    6.716988999772404,
    6.716988999772404,
    6.737933258810963,
    6.727833731123159,
    6.778074338285571,
    6.811268977697773,
    6.844158546284154,
    6.844158546284154,
    6.844158546284154,
    6.891040224228135,
    6.892184116772849,
    6.904476728635448,
    6.940413067812092,
    6.950557484914733,
    6.965115830926138,
    6.975233275003197,
    6.975233275003197,
    6.98547721666373,
    7.017077494315677,
    7.023169460429018,
    7.028275139158066,
    7.045820206323223,
    7.05563257957446,
    7.05563257957446,
    7.072812723360679,
    7.074767972390206,
    7.08408173843499,
    7.0891392791731285,
    7.1010551546528875,
    7.1010551546528875,
    7.1010551546528875,
    7.0980136999143815,
    7.101170498791841,
    7.097167465535541,
    7.090977845256592,
    7.084893784011697,
    7.074653829239981,
    7.014297225093489,
    6.856934211564732,
    6.004095772892468
  ],
  "n_points_per_slice": [
    4369,
    2765,
    1199,
    286,
    166,
    144,
    118,
    107,
    120,
    151,
    195,
    263,
    295,
    309,
    310,
    308,
    327,
    335,
    339,
    334,
    295,
    269,
    242,
    211,
    202,
    191,
    190,
    180,
    166,
    170,
    169,
    172,
    172,
    158,
    158,
    147,
    140,
    135,
    134,
    132,
    129,
    127,
    124,
    134,
    142,
    147,
    144,
    134,
    137,
    131,
    137,
    136,
    132,
    142,
    137,
    148,
    160,
    155,
    162,
    160,
    158,
    167,
    174,
    161,
    175,
    170,
    182,
    203,
    217,
    246,
    271,
    317,
    442,
    688,
    1039,
    1353,
    1548,
    1365,
    930,
    513
  ]
}